-- insert into sample_person(version, id,first_name,last_name,email,phone,date_of_birth,occupation,role,important) values (1, 1,'Eula','Lane','eula.lane@jigrormo.ye','(762) 526-5961',date '2008-06-09','Insurance Clerk','Worker',0);
-- insert into sample_person(version, id,first_name,last_name,email,phone,date_of_birth,occupation,role,important) values (1, 2,'Barry','Rodriquez','barry.rodriquez@zun.mm','(267) 955-5124',date '2008-06-09','Mortarman','Manager',0);
-- insert into sample_person(version, id,first_name,last_name,email,phone,date_of_birth,occupation,role,important) values (1, 3,'Eugenia','Selvi','eugenia.selvi@capfad.vn','(680) 368-2192',date '2008-06-09','Beer Coil Cleaner','External',0);
-- insert into sample_person(version, id,first_name,last_name,email,phone,date_of_birth,occupation,role,important) values (1, 4,'Alejandro','Miles','alejandro.miles@dec.bn','(281) 301-2039',date '2008-06-09','Scale Attendant','Worker',0);
-- insert into sample_person(version, id,first_name,last_name,email,phone,date_of_birth,occupation,role,important) values (1, 5,'Cora','Tesi','cora.tesi@bivo.yt','(600) 616-7955',date '2008-06-09','Clinical Audiologist','Supervisor',0);
-- insert into sample_person(version, id,first_name,last_name,email,phone,date_of_birth,occupation,role,important) values (1, 6,'Marguerite','Ishii','marguerite.ishii@judbilo.gn','(882) 813-1374',date '2008-06-09','Parking Meter Collector','Supervisor',0);
-- insert into sample_person(version, id,first_name,last_name,email,phone,date_of_birth,occupation,role,important) values (1, 7,'Mildred','Jacobs','mildred.jacobs@joraf.wf','(642) 665-1763',date '2008-06-09','Business Unit Manager','Manager',0);
-- insert into sample_person(version, id,first_name,last_name,email,phone,date_of_birth,occupation,role,important) values (1, 8,'Gene','Goodman','gene.goodman@kem.tl','(383) 458-2132',date '2008-06-09','Technical Communicator','External',0);
-- insert into sample_person(version, id,first_name,last_name,email,phone,date_of_birth,occupation,role,important) values (1, 9,'Lettie','Bennett','lettie.bennett@odeter.bb','(769) 335-6771',date '2008-06-09','Correctional Officer Sergeant','Worker',0);
-- insert into sample_person(version, id,first_name,last_name,email,phone,date_of_birth,occupation,role,important) values (1, 10,'Mabel','Leach','mabel.leach@lisohuje.vi','(803) 586-8035',date '2008-06-09','Food Chemist','Supervisor',0);
-- insert into sample_person(version, id,first_name,last_name,email,phone,date_of_birth,occupation,role,important) values (1, 11,'Jordan','Miccinesi','jordan.miccinesi@duod.gy','(531) 919-2280',date '2008-06-09','Signals Intelligence/Electronic Warfare Chief','Manager',0);
-- insert into sample_person(version, id,first_name,last_name,email,phone,date_of_birth,occupation,role,important) values (1, 12,'Marie','Parkes','marie.parkes@nowufpus.ph','(814) 667-8937',date '2008-06-09','Language Pathologist','External',0);
-- insert into sample_person(version, id,first_name,last_name,email,phone,date_of_birth,occupation,role,important) values (1, 13,'Rose','Gray','rose.gray@kagu.hr','(713) 311-8766',date '2008-06-09','Wildlife Officer','Worker',0);
-- insert into sample_person(version, id,first_name,last_name,email,phone,date_of_birth,occupation,role,important) values (1, 14,'Garrett','Stokes','garrett.stokes@fef.bg','(381) 421-2371',date '2008-06-09','Bindery Machine Operator','Manager',0);
-- insert into sample_person(version, id,first_name,last_name,email,phone,date_of_birth,occupation,role,important) values (1, 15,'Barbara','Matthieu','barbara.matthieu@derwogi.jm','(940) 463-7299',date '2008-06-09','Instructional Aide','External',0);
-- insert into sample_person(version, id,first_name,last_name,email,phone,date_of_birth,occupation,role,important) values (1, 16,'Jean','Rhodes','jean.rhodes@wehovuce.gu','(777) 435-9570',date '2008-06-09','Clinical Psychiatrist','Worker',0);
-- insert into sample_person(version, id,first_name,last_name,email,phone,date_of_birth,occupation,role,important) values (1, 17,'Jack','Romoli','jack.romoli@zamum.bw','(517) 393-9630',date '2008-06-09','Mortician Investigator','Supervisor',0);
-- insert into sample_person(version, id,first_name,last_name,email,phone,date_of_birth,occupation,role,important) values (1, 18,'Pearl','Holden','pearl.holden@dunebuh.cr','(711) 904-3669',date '2008-06-09','Rod Buster Helper','Manager',0);
-- insert into sample_person(version, id,first_name,last_name,email,phone,date_of_birth,occupation,role,important) values (1, 19,'Belle','Montero','belle.montero@repiwid.si','(935) 404-4792',date '2008-06-09','Classroom Aide','External',0);
-- insert into sample_person(version, id,first_name,last_name,email,phone,date_of_birth,occupation,role,important) values (1, 20,'Olive','Molina','olive.molina@razuppa.ga','(935) 267-8492',date '2008-06-09','Traditional Chinese Herbalist','Worker',0);
-- insert into sample_person(version, id,first_name,last_name,email,phone,date_of_birth,occupation,role,important) values (1, 21,'Minerva','Todd','minerva.todd@kulmenim.ad','(763) 948-4815',date '2008-06-09','Electronic Drafter','Supervisor',0);
-- insert into sample_person(version, id,first_name,last_name,email,phone,date_of_birth,occupation,role,important) values (1, 22,'Bobby','Pearson','bobby.pearson@ib.kg','(238) 240-2561',date '2008-06-09','Vault Teller','Worker',1);
-- insert into sample_person(version, id,first_name,last_name,email,phone,date_of_birth,occupation,role,important) values (1, 23,'Larry','Ciappi','larry.ciappi@ba.lk','(410) 257-1723',date '2008-06-09','Fire Sprinkler Installer','Supervisor',0);
-- insert into sample_person(version, id,first_name,last_name,email,phone,date_of_birth,occupation,role,important) values (1, 24,'Ronnie','Salucci','ronnie.salucci@tohhij.lv','(566) 726-3346',date '2008-06-09','Brewery Pumper','Manager',0);
-- insert into sample_person(version, id,first_name,last_name,email,phone,date_of_birth,occupation,role,important) values (1, 25,'Walter','Grossi','walter.grossi@tuvo.sa','(416) 906-7221',date '2008-06-09','Kitchen Chef','External',0);
-- insert into sample_person(version, id,first_name,last_name,email,phone,date_of_birth,occupation,role,important) values (1, 26,'Frances','Koopmans','frances.koopmans@foga.tw','(611) 712-1562',date '2008-06-09','Medical Esthetician','Worker',0);
-- insert into sample_person(version, id,first_name,last_name,email,phone,date_of_birth,occupation,role,important) values (1, 27,'Frances','Fujimoto','frances.fujimoto@uswuzzub.jp','(919) 887-8542',date '2008-06-09','Auto Tire Worker','Supervisor',0);
-- insert into sample_person(version, id,first_name,last_name,email,phone,date_of_birth,occupation,role,important) values (1, 28,'Olivia','Vidal','olivia.vidal@hivwerip.vc','(982) 684-7650',date '2008-06-09','Semi-Truck Driver','Manager',0);
-- insert into sample_person(version, id,first_name,last_name,email,phone,date_of_birth,occupation,role,important) values (1, 29,'Edna','Henry','edna.henry@gugusu.rw','(811) 931-8202',date '2008-06-09','Command And Control','External',0);
-- insert into sample_person(version, id,first_name,last_name,email,phone,date_of_birth,occupation,role,important) values (1, 30,'Lydia','Brun','lydia.brun@zedekak.md','(927) 400-3928',date '2008-06-09','Drywall Hanger','Worker',0);
-- insert into sample_person(version, id,first_name,last_name,email,phone,date_of_birth,occupation,role,important) values (1, 31,'Jay','Blake','jay.blake@ral.mk','(365) 345-1498',date '2008-06-09','Real Property Evaluator','Manager',0);
-- insert into sample_person(version, id,first_name,last_name,email,phone,date_of_birth,occupation,role,important) values (1, 32,'Isabel','Serafini','isabel.serafini@turuhu.bh','(656) 968-9869',date '2008-06-09','Human Performance Professor','Manager',0);
-- insert into sample_person(version, id,first_name,last_name,email,phone,date_of_birth,occupation,role,important) values (1, 33,'Rebecca','Carter','rebecca.carter@omjo.et','(739) 612-6585',date '2008-06-09','V/Stol Landing Signal Officer','External',0);
-- insert into sample_person(version, id,first_name,last_name,email,phone,date_of_birth,occupation,role,important) values (1, 34,'Maurice','Fabbrini','maurice.fabbrini@rig.bh','(485) 521-2687',date '2008-06-09','Air Control/Anti-Air Warfare Officer','Supervisor',0);
-- insert into sample_person(version, id,first_name,last_name,email,phone,date_of_birth,occupation,role,important) values (1, 35,'Ollie','Turnbull','ollie.turnbull@sicewap.org','(835) 620-3330',date '2008-06-09','General Superintendent','Manager',0);
-- insert into sample_person(version, id,first_name,last_name,email,phone,date_of_birth,occupation,role,important) values (1, 36,'Jerry','Hopkins','jerry.hopkins@fo.mh','(211) 851-5960',date '2008-06-09','Child Protective Services Social Worker','External',1);
-- insert into sample_person(version, id,first_name,last_name,email,phone,date_of_birth,occupation,role,important) values (1, 37,'Nora','Lyons','nora.lyons@gegijap.na','(811) 311-5257',date '2008-06-09','Lens Grinder and Polisher','Worker',0);
-- insert into sample_person(version, id,first_name,last_name,email,phone,date_of_birth,occupation,role,important) values (1, 38,'Anne','Weiß','anne.weiß@kuvesa.pe','(843) 836-3759',date '2008-06-09','Civil Engineering Professor','Worker',0);
-- insert into sample_person(version, id,first_name,last_name,email,phone,date_of_birth,occupation,role,important) values (1, 39,'Louise','Gauthier','louise.gauthier@lapahu.mt','(913) 235-1856',date '2008-06-09','Mobile Home Servicer','Supervisor',0);
-- insert into sample_person(version, id,first_name,last_name,email,phone,date_of_birth,occupation,role,important) values (1, 40,'Lloyd','Fani','lloyd.fani@zev.ru','(467) 487-7239',date '2008-06-09','Floor Refinisher','Supervisor',0);
-- insert into sample_person(version, id,first_name,last_name,email,phone,date_of_birth,occupation,role,important) values (1, 41,'Maud','Dunn','maud.dunn@nabeaga.ni','(724) 340-3634',date '2008-06-09','Senior Sales Associate','Manager',0);
-- insert into sample_person(version, id,first_name,last_name,email,phone,date_of_birth,occupation,role,important) values (1, 42,'Henry','Gigli','henry.gigli@kaot.ps','(413) 229-8428',date '2008-06-09','Tile Designer','Worker',0);
-- insert into sample_person(version, id,first_name,last_name,email,phone,date_of_birth,occupation,role,important) values (1, 43,'Virgie','Werner','virgie.werner@tawuctuj.cf','(886) 292-9749',date '2008-06-09','Econometrics Professor','Supervisor',0);
-- insert into sample_person(version, id,first_name,last_name,email,phone,date_of_birth,occupation,role,important) values (1, 44,'Gregory','Cozzi','gregory.cozzi@eh.ru','(418) 472-1239',date '2008-06-09','Basketball Player','Manager',0);
-- insert into sample_person(version, id,first_name,last_name,email,phone,date_of_birth,occupation,role,important) values (1, 45,'Lucinda','Gil','lucinda.gil@fajjusuz.kr','(961) 233-3461',date '2008-06-09','Indirect Fire Infantryman','External',0);
-- insert into sample_person(version, id,first_name,last_name,email,phone,date_of_birth,occupation,role,important) values (1, 46,'Gertrude','Verbeek','gertrude.verbeek@pave.cc','(605) 226-4037',date '2008-06-09','Licensed Esthetician','Worker',0);
-- insert into sample_person(version, id,first_name,last_name,email,phone,date_of_birth,occupation,role,important) values (1, 47,'Mattie','Graham','mattie.graham@ispaviw.gt','(719) 765-1705',date '2008-06-09','Antisubmarine Warfare Intelligence Officer','Supervisor',0);
-- insert into sample_person(version, id,first_name,last_name,email,phone,date_of_birth,occupation,role,important) values (1, 48,'Bryan','Shaw','bryan.shaw@ha.ee','(232) 228-5539',date '2008-06-09','Research Assistant','Manager',1);
-- insert into sample_person(version, id,first_name,last_name,email,phone,date_of_birth,occupation,role,important) values (1, 49,'Essie','Adams','essie.adams@iliat.cw','(768) 554-8377',date '2008-06-09','Cigar Roller','External',0);
-- insert into sample_person(version, id,first_name,last_name,email,phone,date_of_birth,occupation,role,important) values (1, 50,'Gary','Osborne','gary.osborne@do.ga','(311) 731-7079',date '2008-06-09','Customer Support Representative','Worker',0);
-- insert into sample_person(version, id,first_name,last_name,email,phone,date_of_birth,occupation,role,important) values (1, 51,'Richard','Silva','richard.silva@wi.lc','(207) 554-6244',date '2008-06-09','Programmer','Manager',1);
-- insert into sample_person(version, id,first_name,last_name,email,phone,date_of_birth,occupation,role,important) values (1, 52,'Dustin','Pestelli','dustin.pestelli@iwage.la','(558) 913-2855',date '2008-06-09','Global Engineering Manager','Manager',0);
-- insert into sample_person(version, id,first_name,last_name,email,phone,date_of_birth,occupation,role,important) values (1, 53,'Henrietta','Hilton','henrietta.hilton@joopoju.pn','(832) 759-6654',date '2008-06-09','Telegraph and Teletype Operator','External',0);
-- insert into sample_person(version, id,first_name,last_name,email,phone,date_of_birth,occupation,role,important) values (1, 54,'Francisco','Giordano','francisco.giordano@gojawu.tn','(482) 736-8079',date '2008-06-09','Hairpiece Stylist','Manager',0);
-- insert into sample_person(version, id,first_name,last_name,email,phone,date_of_birth,occupation,role,important) values (1, 55,'Cynthia','Sardi','cynthia.sardi@afigoh.mm','(677) 345-2680',date '2008-06-09','Tobacco Buyer','External',0);
-- insert into sample_person(version, id,first_name,last_name,email,phone,date_of_birth,occupation,role,important) values (1, 56,'Lula','Testi','lula.testi@benom.tj','(610) 374-7581',date '2008-06-09','Marine Steamfitter','Worker',0);
-- insert into sample_person(version, id,first_name,last_name,email,phone,date_of_birth,occupation,role,important) values (1, 57,'Bess','Lucas','bess.lucas@jevakbe.cd','(982) 583-8067',date '2008-06-09','Attending Anesthesiologist','Supervisor',0);
-- insert into sample_person(version, id,first_name,last_name,email,phone,date_of_birth,occupation,role,important) values (1, 58,'Linnie','Driessen','linnie.driessen@darhow.tr','(680) 266-3167',date '2008-06-09','Certified Indoor Environmentalist','External',0);
-- insert into sample_person(version, id,first_name,last_name,email,phone,date_of_birth,occupation,role,important) values (1, 59,'Eva','Tesi','eva.tesi@dupid.cf','(611) 955-4652',date '2008-06-09','Land Management Forester','Worker',0);
-- insert into sample_person(version, id,first_name,last_name,email,phone,date_of_birth,occupation,role,important) values (1, 60,'Augusta','Sakai','augusta.sakai@comouc.ee','(940) 714-8088',date '2008-06-09','Digital Proofing and Platemaker','Worker',0);
-- insert into sample_person(version, id,first_name,last_name,email,phone,date_of_birth,occupation,role,important) values (1, 61,'Mathilda','Schwarz','mathilda.schwarz@igunisi.ao','(868) 481-5125',date '2008-06-09','Public Health Veterinarian','Manager',0);
-- insert into sample_person(version, id,first_name,last_name,email,phone,date_of_birth,occupation,role,important) values (1, 62,'Joe','Riley','joe.riley@pe.vu','(225) 395-2772',date '2008-06-09','Statement Processor','External',1);
-- insert into sample_person(version, id,first_name,last_name,email,phone,date_of_birth,occupation,role,important) values (1, 63,'Leon','McGee','leon.mcgee@puk.se','(365) 837-6888',date '2008-06-09','Computer Applications Developer','Worker',0);
-- insert into sample_person(version, id,first_name,last_name,email,phone,date_of_birth,occupation,role,important) values (1, 64,'Florence','Viviani','florence.viviani@vegub.no','(606) 352-8734',date '2008-06-09','African History Professor','Supervisor',0);
-- insert into sample_person(version, id,first_name,last_name,email,phone,date_of_birth,occupation,role,important) values (1, 65,'Lee','Miceli','lee.miceli@rucwi.pf','(555) 800-7339',date '2008-06-09','Gastroenterology Professor','Manager',0);
-- insert into sample_person(version, id,first_name,last_name,email,phone,date_of_birth,occupation,role,important) values (1, 66,'Celia','Sodi','celia.sodi@agijit.iq','(657) 357-3671',date '2008-06-09','Laboratory Animal Caretaker','External',0);
-- insert into sample_person(version, id,first_name,last_name,email,phone,date_of_birth,occupation,role,important) values (1, 67,'Aaron','Misuri','aaron.misuri@loolu.lu','(523) 789-5485',date '2008-06-09','Water Pump Installer','Worker',0);
-- insert into sample_person(version, id,first_name,last_name,email,phone,date_of_birth,occupation,role,important) values (1, 68,'Fanny','Parkinson','fanny.parkinson@tupwovali.cw','(766) 966-7387',date '2008-06-09','Orthopedic Cast Specialist','Supervisor',0);
-- insert into sample_person(version, id,first_name,last_name,email,phone,date_of_birth,occupation,role,important) values (1, 69,'Phoebe','Vitale','phoebe.vitale@hidge.fo','(672) 613-2954',date '2008-06-09','Budget Coordinator','Manager',0);
-- insert into sample_person(version, id,first_name,last_name,email,phone,date_of_birth,occupation,role,important) values (1, 70,'Edith','Brennan','edith.brennan@liowci.ir','(803) 549-9387',date '2008-06-09','Railroad Engineer','Manager',0);
-- insert into sample_person(version, id,first_name,last_name,email,phone,date_of_birth,occupation,role,important) values (1, 71,'Jeremy','Marilli','jeremy.marilli@vesa.pf','(526) 435-1819',date '2008-06-09','Chief Projectionist','External',0);
-- insert into sample_person(version, id,first_name,last_name,email,phone,date_of_birth,occupation,role,important) values (1, 72,'Kathryn','Huet','kathryn.huet@wupikdoh.by','(937) 855-5936',date '2008-06-09','Telecasting Engineer','Worker',0);
-- insert into sample_person(version, id,first_name,last_name,email,phone,date_of_birth,occupation,role,important) values (1, 73,'Lelia','Matsuo','lelia.matsuo@dajsiphaj.az','(960) 335-6192',date '2008-06-09','Drama Therapist','Supervisor',0);
-- insert into sample_person(version, id,first_name,last_name,email,phone,date_of_birth,occupation,role,important) values (1, 74,'Virginia','Woods','virginia.woods@soofpe.ht','(735) 809-2611',date '2008-06-09','General Superintendent','Manager',0);
-- insert into sample_person(version, id,first_name,last_name,email,phone,date_of_birth,occupation,role,important) values (1, 75,'Sally','Aoki','sally.aoki@aruzusjas.tc','(857) 797-7918',date '2008-06-09','Technical Communicator','External',0);
-- insert into sample_person(version, id,first_name,last_name,email,phone,date_of_birth,occupation,role,important) values (1, 76,'Isabelle','de Ridder','isabelle.deridder@ufeco.in','(659) 331-1543',date '2008-06-09','Leisure Studies Professor','Worker',0);
-- insert into sample_person(version, id,first_name,last_name,email,phone,date_of_birth,occupation,role,important) values (1, 77,'Rosie','Murphy','rosie.murphy@uneehi.id','(759) 639-8597',date '2008-06-09','Air Conditioning Service Technician','Supervisor',0);
-- insert into sample_person(version, id,first_name,last_name,email,phone,date_of_birth,occupation,role,important) values (1, 78,'Lou','Meyer','lou.meyer@hahinaba.gm','(942) 352-4854',date '2008-06-09','Business Unit Manager','External',0);
-- insert into sample_person(version, id,first_name,last_name,email,phone,date_of_birth,occupation,role,important) values (1, 79,'Rodney','Love','rodney.love@zun.ph','(247) 867-8287',date '2008-06-09','Job Estimator','Worker',0);
-- insert into sample_person(version, id,first_name,last_name,email,phone,date_of_birth,occupation,role,important) values (1, 80,'Kenneth','Bianchini','kenneth.bianchini@jo.ws','(302) 793-9936',date '2008-06-09','Correctional Officer Sergeant','Worker',0);
-- insert into sample_person(version, id,first_name,last_name,email,phone,date_of_birth,occupation,role,important) values (1, 81,'Essie','Dietrich','essie.dietrich@goltuefo.mn','(861) 740-6628',date '2008-06-09','Parking Meter Collector','Supervisor',0);
-- insert into sample_person(version, id,first_name,last_name,email,phone,date_of_birth,occupation,role,important) values (1, 82,'Leila','Simon','leila.simon@lupuwuzo.gw','(953) 866-9992',date '2008-06-09','Signals Intelligence/Electronic Warfare Chief','External',0);
-- insert into sample_person(version, id,first_name,last_name,email,phone,date_of_birth,occupation,role,important) values (1, 83,'Eva','Pierre','eva.pierre@reduzris.ee','(915) 491-8384',date '2008-06-09','Clinical Psychiatrist','Worker',0);
-- insert into sample_person(version, id,first_name,last_name,email,phone,date_of_birth,occupation,role,important) values (1, 84,'Landon','Moretti','landon.moretti@pubsav.sk','(584) 909-6235',date '2008-06-09','Wildlife Officer','Supervisor',0);
-- insert into sample_person(version, id,first_name,last_name,email,phone,date_of_birth,occupation,role,important) values (1, 85,'Mittie','Sardi','mittie.sardi@lullip.nf','(673) 849-4256',date '2008-06-09','Food Chemist','Manager',0);
-- insert into sample_person(version, id,first_name,last_name,email,phone,date_of_birth,occupation,role,important) values (1, 86,'Corey','McDaniel','corey.mcdaniel@aba.tc','(268) 208-9643',date '2008-06-09','Advanced Foreign Counterintelligence Specialist (Afcs)','Supervisor',0);
-- insert into sample_person(version, id,first_name,last_name,email,phone,date_of_birth,occupation,role,important) values (1, 87,'Hester','Stein','hester.stein@kettujwo.eu','(873) 489-6641',date '2008-06-09','Forest Fire Officer','Manager',0);
-- insert into sample_person(version, id,first_name,last_name,email,phone,date_of_birth,occupation,role,important) values (1, 88,'Danny','Lowe','danny.lowe@ju.sd','(243) 974-5539',date '2008-06-09','Catalogue Illustrator','External',1);
-- insert into sample_person(version, id,first_name,last_name,email,phone,date_of_birth,occupation,role,important) values (1, 89,'Lillie','Winter','lillie.winter@vioburez.vi','(816) 699-1291',date '2008-06-09','Knife Grinder','Worker',0);
-- insert into sample_person(version, id,first_name,last_name,email,phone,date_of_birth,occupation,role,important) values (1, 90,'Brandon','Borchi','brandon.borchi@ig.al','(319) 401-1090',date '2008-06-09','Neuropsychiatrist','Supervisor',0);
-- insert into sample_person(version, id,first_name,last_name,email,phone,date_of_birth,occupation,role,important) values (1, 91,'Isaac','Bernardi','isaac.bernardi@omu.bj','(359) 691-6408',date '2008-06-09','Bottle Packer','Manager',0);
-- insert into sample_person(version, id,first_name,last_name,email,phone,date_of_birth,occupation,role,important) values (1, 92,'Clyde','Crawford','clyde.crawford@luw.dz','(273) 892-4646',date '2008-06-09','Special Education Kindergarten Teacher','External',1);
-- insert into sample_person(version, id,first_name,last_name,email,phone,date_of_birth,occupation,role,important) values (1, 93,'Paul','Sherman','paul.sherman@pi.cf','(304) 610-2881',date '2008-06-09','Commercial Art Instructor','Worker',0);
-- insert into sample_person(version, id,first_name,last_name,email,phone,date_of_birth,occupation,role,important) values (1, 94,'Craig','Russell','craig.russell@zu.nz','(237) 969-2900',date '2008-06-09','Ferryboat Captain','Supervisor',1);
-- insert into sample_person(version, id,first_name,last_name,email,phone,date_of_birth,occupation,role,important) values (1, 95,'John','Sutton','john.sutton@ag.ee','(207) 424-6468',date '2008-06-09','School Social Worker','Manager',0);
-- insert into sample_person(version, id,first_name,last_name,email,phone,date_of_birth,occupation,role,important) values (1, 96,'Francisco','Formigli','francisco.formigli@fopav.tn','(481) 661-8179',date '2008-06-09','Joint Terminal Attack Controller','External',0);
-- insert into sample_person(version, id,first_name,last_name,email,phone,date_of_birth,occupation,role,important) values (1, 97,'Gary','Baker','gary.baker@ji.cf','(212) 510-3444',date '2008-06-09','VP Sales','Worker',1);
-- insert into sample_person(version, id,first_name,last_name,email,phone,date_of_birth,occupation,role,important) values (1, 98,'Earl','Giovannoni','earl.giovannoni@lojet.ge','(433) 862-3076',date '2008-06-09','Auto Service Station Attendant','Manager',0);
-- insert into sample_person(version, id,first_name,last_name,email,phone,date_of_birth,occupation,role,important) values (1, 99,'Helen','Zanieri','helen.zanieri@ukve.tn','(619) 506-4452',date '2008-06-09','Healthcare Social Worker','External',0);
-- insert into sample_person(version, id,first_name,last_name,email,phone,date_of_birth,occupation,role,important) values (1, 100,'Agnes','Toccafondi','agnes.toccafondi@viipo.ae','(616) 688-6883',date '2008-06-09','Comedian','External',0);
-- insert into application_user (version, id, username,name,hashed_password) values (1, '1','management','management','$2a$10$xdbKoM48VySZqVSU/cSlVeJn0Z04XCZ7KZBjUBC00eKo5uLswyOpe');
-- insert into application_user (version, id, username,name,hashed_password) values (1, '2','storageadmin','storageadmin','$2a$10$jpLNVNeA7Ar/ZQ2DKbKCm.MuT2ESe.Qop96jipKMq7RaUgCoQedV.');
-- insert into application_user (version, id, username,name,hashed_password) values (1, '3','fieldservicetechnician','fieldservicetechnician','$2a$10$jpLNVNeA7Ar/ZQ2DKbKCm.MuT2ESe.Qop96jipKMq7RaUgCoQedV.');
-- insert into application_user (version, id, username,name,hashed_password) values (1, '4','orderfullfillment','orderfullfillment','$2a$10$jpLNVNeA7Ar/ZQ2DKbKCm.MuT2ESe.Qop96jipKMq7RaUgCoQedV.');
-- insert into application_user (version, id, username,name,hashed_password) values (1, '5','projectmanager','projectmanager','$2a$10$jpLNVNeA7Ar/ZQ2DKbKCm.MuT2ESe.Qop96jipKMq7RaUgCoQedV.');
-- insert into application_user (version, id, username,name,hashed_password) values (1, '6','support','support','$2a$10$jpLNVNeA7Ar/ZQ2DKbKCm.MuT2ESe.Qop96jipKMq7RaUgCoQedV.');
-- insert into user_roles (user_id, roles) values ('1', 'MANAGEMENT');
-- insert into user_roles (user_id, roles) values ('2', 'STORAGEADMIN');
-- insert into user_roles (user_id, roles) values ('3', 'FIELDSERVICETECHNICIAN');
-- insert into user_roles (user_id, roles) values ('4', 'ORDERFULLFILLMENT');
-- insert into user_roles (user_id, roles) values ('5', 'PROJECTMANAGER');
-- insert into user_roles (user_id, roles) values ('6', 'SUPPORT')

-- insert into user_storage(id, role, created_At, last_login, activated, email, hashed_password, user_name, first_name, last_name, phone)
-- values(1, 'Storageadmin', '2019-05-26', '2023-05-26', true, 'agnes.toccafondi@viipo.ae','$2a$10$xdbKoM48VySZqVSU/cSlVeJn0Z04XCZ7KZBjUBC00eKo5uLswyOpe',
--         'management', 'Eula', 'Lane', '(762) 526-5961')

-- insert into user_storage(id, hashed_password, user_name, role) values (1, '$2a$10$xdbKoM48VySZqVSU/cSlVeJn0Z04XCZ7KZBjUBC00eKo5uLswyOpe','management', 'Management' );
--
insert into user_storage(id, created_At,last_login,first_name,last_name,user_name,email,hashed_password,phone,role) values(1,date '2019-05-26',date '2023-05-26','Eula_management','Lane','management','management.toccafondi@viipo.ae','$2a$10$jpLNVNeA7Ar/ZQ2DKbKCm.MuT2ESe.Qop96jipKMq7RaUgCoQedV.','(762) 444526-5961','MANAGMENT');
-- insert into user_storage(id, created_At,last_login,first_name,last_name,user_name,email,hashed_password,phone,role) values(2,date '2019-05-26',date '2023-05-26','Eula_storageadmin','Lane','storageadmin','storageadmin.toccafondi@viipo.ae','$2a$10$jpLNVNeA7Ar/ZQ2DKbKCm.MuT2ESe.Qop96jipKMq7RaUgCoQedV.','(762) 526-5961','STORAGEADMIN');
-- insert into user_storage(id, created_At,last_login,first_name,last_name,user_name,email,hashed_password,phone,role) values(4,date '2019-05-26',date '2023-05-26','Eula_fieldservicetechnician','Lane','fieldservicetechnician','fieldservicetechnician.toccafondi@viipo.ae','$2a$10$jpLNVNeA7Ar/ZQ2DKbKCm.MuT2ESe.Qop96jipKMq7RaUgCoQedV.','(762) 526-5961','FIELDSERVICETECHNICIAN');
-- insert into user_storage(id, created_At,last_login,first_name,last_name,user_name,email,hashed_password,phone,role) values(5,date '2019-05-26',date '2023-05-26','Eula_orderfullfillment','Lane','orderfullfillment','orderfullfillment.toccafondi@viipo.ae','$2a$10$jpLNVNeA7Ar/ZQ2DKbKCm.MuT2ESe.Qop96jipKMq7RaUgCoQedV.','(762) 526-5961','ORDERFULLFILLMENT');
-- insert into user_storage(id, created_At,last_login,first_name,last_name,user_name,email,hashed_password,phone,role) values(6,date '2019-05-26',date '2023-05-26','Eula_projectmanager','Lane','projectmanager','projectmanager.toccafondi@viipo.ae','$2a$10$jpLNVNeA7Ar/ZQ2DKbKCm.MuT2ESe.Qop96jipKMq7RaUgCoQedV.','(762) 526-5961','ROJECTMANAGER');
-- insert into user_storage(id, created_At,last_login,first_name,last_name,user_name,email,hashed_password,phone,role) values(7,date '2019-05-26',date '2023-05-26','Eula_support','Lane','support','support.toccafondi@viipo.ae','$2a$10$jpLNVNeA7Ar/ZQ2DKbKCm.MuT2ESe.Qop96jipKMq7RaUgCoQedV.','(762) 526-5961','SUPPORT');




-- insert into user_storage(id, role, activated, email, hashed_password, user_name, first_name, last_name,phone) values (3, 'Fieldservicetechnician', true, 'agnes.toccafondi@viipo.ae', '$2a$10$xdbKoM48VySZqVSU/cSlVeJn0Z04XCZ7KZBjUBC00eKo5uLswyOpe','management','Eula','Lane','(762) 526-5961' );
-- insert into user_storage(id, role, created_At, last_login, activated, email, hashed_password, user_name, first_name, last_name,phone) values (4, 'Orderfullfillment', '2019-05-26', '2023-05-26', true, 'agnes.toccafondi@viipo.ae', '$2a$10$xdbKoM48VySZqVSU/cSlVeJn0Z04XCZ7KZBjUBC00eKo5uLswyOpe','management','Eula','Lane','(762) 526-5961' )
-- insert into user_storage(id, role, created_At, last_login, activated, email, hashed_password, user_name, first_name, last_name,phone) values (5, 'Projectmanager', '2019-05-26', '2023-05-26', true, 'agnes.toccafondi@viipo.ae', '$2a$10$xdbKoM48VySZqVSU/cSlVeJn0Z04XCZ7KZBjUBC00eKo5uLswyOpe','management','Eula','Lane','(762) 526-5961' )
-- insert into user_storage(id, role, created_At, last_login, activated, email, hashed_password, user_name, first_name, last_name,phone) values (5, 'Support', '2019-05-26', '2023-05-26', true, 'agnes.toccafondi@viipo.ae', '$2a$10$xdbKoM48VySZqVSU/cSlVeJn0Z04XCZ7KZBjUBC00eKo5uLswyOpe','management','Eula','Lane','(762) 526-5961' )
--

insert into storages(id, storage_name, street, house_no, door_no, zip_code, city) values (1, 'Storage 1', 'Street 1', 1, 1, 1111, 'City 1');
insert into storages(id, storage_name, street, house_no, door_no, zip_code, city) values (2, 'Storage 2', 'Street 2', 2, 1, 2222, 'City 2');
insert into storages(id, storage_name, street, house_no, door_no, zip_code, city) values (3, 'Storage 3', 'Street 3', 3, 1, 3333, 'City 3');
insert into storages(id, storage_name, street, house_no, door_no, zip_code, city) values (4, 'Storage 4', 'Street 4', 4, 1, 4444, 'City 4');
insert into storages(id, storage_name, street, house_no, door_no, zip_code, city) values (5, 'Storage 5', 'Street 5', 5, 1, 5555, 'City 5');
insert into storages(id, storage_name, street, house_no, door_no, zip_code, city) values (6, 'Storage 6', 'Street 6', 6, 1, 6666, 'City 6');
insert into storages(id, storage_name, street, house_no, door_no, zip_code, city) values (7, 'Storage 7', 'Street 7', 7, 1, 7777, 'City 7');


insert into producer (id, producer_name, short_name) values (1, 'Oloo', 'Tazz');
insert into producer (id, producer_name, short_name) values (2, 'Demimbu', 'Dynabox');


insert into cpes (id, fk_producer, macaddress, serialnumber, type) values (1, 1, 'B1-6D-88-2D-3B-70', 'WAE9805F71TO', 'SUPPLY');
insert into cpes (id, fk_producer, macaddress, serialnumber, type) values (2, 2, '29-20-38-CA-20-BA', 'NDZ2087U82ZB', 'SUPPLY');

insert into sfps (id, fk_producer, serialnumber, nic_speed, type_sfp, wavelength, type) values (1, 1, '01HJGKK6JKHSR3XKEE09X450S8', 232, 2, '1330 nm', 'SFP');
insert into sfps (id, fk_producer, serialnumber, nic_speed, type_sfp, wavelength, type) values (2, 2, '01HJGKK6JP2MDWVKJK0T4T80EZ', 629, 2, '1300 nm', 'SFP');

insert into supply (id, description, amount) values (1, 'auctor sed tristique in tempus sit amet sem fusce consequat nulla nisl nunc', 156);
insert into supply (id, description, amount) values (2, 'augue a suscipit nulla elit ac nulla sed vel enim', 65);

insert into object_type (id, name) values (1, 'IMFC433');
insert into object_type (id, name) values (2, 'EQVN997');


insert into reservations (id, reserved_at, fk_user, last_modified, completed, connection_no, reserved_description) values (1, TIMESTAMP ' 2023-12-25 11:16:47.672127', 1, TIMESTAMP ' 2023-12-25 11:16:47.677192', 0, 12335134, 'purus phasellus in felis donec');
insert into reservations (id, reserved_at, fk_user, last_modified, completed, connection_no, reserved_description) values (2, TIMESTAMP ' 2023-12-25 11:16:47.678165', 1, TIMESTAMP ' 2023-12-25 11:16:47.678504', 0, 123413521, 'pellentesque quisque porta volutpat erat');


---insert into storage_objects (id, object_type, project_device, remark, fk_storage_object, fk_storaed_at_user, status, fk_reservation, supply, fk_cpe, SFP) values (1, 1, 0, 'eget orci vehicula condimentum curabitur in libero', 3, null, 'CUSTOMER', 1, null, null, '1');
--insert into storage_objects (id, object_type, project_device, remark, fk_storage_object, fk_storaed_at_user, status, fk_reservation, supply, fk_cpe, SFP) values (2, 2, 0, 'pede malesuada in imperdiet et', 6, null, 'AVAILABLE', 2, null, '1', null);
